{
    "os": "Linux-5.11.0-38-generic-x86_64-with-glibc2.10",
    "python": "3.8.8",
    "heartbeatAt": "2021-10-23T12:17:02.855253",
    "startedAt": "2021-10-23T12:16:41.207135",
    "docker": null,
    "gpu": "GeForce RTX 3060",
    "gpu_count": 1,
    "cpu_count": 6,
    "cuda": null,
    "args": [
        "-f",
        "/home/indika/.local/share/jupyter/runtime/kernel-8314233a-1080-4329-a70d-27aeda6559c4.json"
    ],
    "state": "running",
    "program": "00.ipynb",
    "root": "/media/indika/Sync/Programming/Projects/Python/Artifical-Intelligence/PyTorch/RNN/Google-Stock-Prediction-V3",
    "host": "programmer-rd-ai",
    "username": "indika",
    "executable": "/media/indika/Sync/anaconda3/bin/python"
}
